<?xml version="1.0" encoding="UTF-8"?>
<project-private xmlns="http://www.netbeans.org/ns/project-private/1">
    <editor-bookmarks xmlns="http://www.netbeans.org/ns/editor-bookmarks/2" lastBookmarkId="0"/>
    <open-files xmlns="http://www.netbeans.org/ns/projectui-open-files/2">
        <group>
            <file>file:/C:/Users/walli/OneDrive/Documentos/NetBeansProjects/Projeto_Salao_Beleza/src/GUI/JFuncionario.java</file>
            <file>file:/C:/Users/walli/OneDrive/Documentos/NetBeansProjects/Projeto_Salao_Beleza/src/GUI/jAgenda.java</file>
            <file>file:/C:/Users/walli/OneDrive/Documentos/NetBeansProjects/Projeto_Salao_Beleza/src/GUI/ConsultarAgenda.java</file>
            <file>file:/C:/Users/walli/OneDrive/Documentos/NetBeansProjects/Projeto_Salao_Beleza/src/GUI/Tela_Principal.java</file>
        </group>
    </open-files>
</project-private>
